{
  "entities": {
    "wildfire": {
      "spawn": true,
      "rate": 1,
      "biomes": [
        "minecraft:nether_wastes",
        "minecraft:basalt_deltas",
        "minecraft:crimson_forest",
        "minecraft:soul_sand_valley"
      ],
      "health": 50.0,
      "attacking": {
        "fireballCount": 17,
        "offsetAngle": 4.0,
        "maxDepressAngle": 50.0,
        "doFireballExplosion": false,
        "fireballExplosionPower": 0.5
      }
    },
    "hunger": {
      "spawn": true,
      "rate": 5,
      "biomes": [
        "minecraft:swamp",
        "minecraft:swamp_hills",
        "minecraft:badlands_plateau",
        "minecraft:desert",
        "minecraft:desert_hills",
        "minecraft:badlands"
      ],
      "health": 20.0,
      "maxEnchants": 5
    },
    "kraken": {
      "spawn": true,
      "rate": 2,
      "biomes": [
        "minecraft:deep_warm_ocean",
        "minecraft:deep_ocean",
        "minecraft:deep_cold_ocean",
        "minecraft:deep_lukewarm_ocean"
      ],
      "health": 40.0
    },
    "meerkat": {
      "spawn": true,
      "rate": 1,
      "biomes": [
        "minecraft:desert",
        "minecraft:desert_hills",
        "minecraft:desert_lakes"
      ],
      "health": 10.0
    }
  },
  "generation": {
    "genPalmTrees": true,
    "genBaobabTrees": true,
    "baobabType": 0
  },
  "misc": {
    "helmetPenalty": 40
  }
}