{
  "eyeOffsetSmall": [
    0.0,
    0.15625,
    0.09375
  ],
  "eyeOffsetMedium": [
    0.0,
    0.21875,
    0.15625
  ],
  "eyeScaleSmall": 0.65,
  "eyeScaleMedium": 0.4,
  "interpSmall": 0.09375,
  "interpMedium": 0.125,
  "headTopCenterSmall": [
    0.0,
    0.125,
    0.0
  ],
  "headTopCenterMedium": [
    0.0,
    0.3125,
    0.0
  ],
  "headScaleSmall": 0.375,
  "headScaleMedium": 0.625,
  "forClass": "net.minecraft.entity.passive.fish.PufferfishEntity",
  "customClass": "me.ichun.mods.ichunutil.api.common.head.entity.HeadPufferfish",
  "eyeOffset": [
    0.0,
    0.40625,
    0.25
  ],
  "pupilColour": [
    0.11372549,
    0.17254902,
    0.10980392
  ],
  "eyeScale": 1.25
}